url,start_s,end_s,score,frame_ms,window_s,stride_s,bandwidth_z,flatness_z,flux_z,crest_db,hf_ratio,dynrange_z,tonality_z,loudness_dbfs,notes,fp_type,fp_bands,fp_hop_s,fp_offset_s,fp_bins_hex
https://www.youtube.com/watch?v=k1-TrAvp_xs,0.000,34.496,29.855,23,3.0,0.2,8.09,62.19,-0.99,11.9,0.084,4.41,-62.35,-43.7,"",bandpeak_v1,32,0.02133,1.624,010101020201010101010201010101020202020202020201010101010202020402020202010101040101000404040505050101040505000000000001000100010101010101010202010101010101010101010101010101010101010101010101010101010101010101010103030103030303030301010003010301010000000002020202020000000002020204000202020202000202020202020202020303030000000b000505050505050005000505050000000005050500000005000000000101010101010101010101010101010101010101010101010101010101010201010404010101010104
https://www.youtube.com/watch?v=k1-TrAvp_xs,40.704,43.712,5.469,23,3.0,0.2,6.00,3.52,3.50,12.5,0.051,-0.63,-3.53,-21.4,"",bandpeak_v1,32,0.02133,1.624,010101020201010101010201010101020202020202020201010101010202020402020202010101040101000404040505050101040505000000000001000100010101010101010202010101010101010101010101010101010101010101010101010101010101010101010103030103030303030301010003010301010000000002020202020000000002020204000202020202000202020202020202020303030000000b000505050505050005000505050000000005050500000005000000000101010101010101010101010101010101010101010101010101010101010201010404010101010104
https://www.youtube.com/watch?v=k1-TrAvp_xs,58.752,70.784,11.639,23,3.0,0.2,3.75,23.68,1.64,12.3,0.025,-0.17,-23.74,-24.0,"",bandpeak_v1,32,0.02133,1.624,010101020201010101010201010101020202020202020201010101010202020402020202010101040101000404040505050101040505000000000001000100010101010101010202010101010101010101010101010101010101010101010101010101010101010101010103030103030303030301010003010301010000000002020202020000000002020204000202020202000202020202020202020303030000000b000505050505050005000505050000000005050500000005000000000101010101010101010101010101010101010101010101010101010101010201010404010101010104
https://www.youtube.com/watch?v=k1-TrAvp_xs,88.512,91.520,10.383,23,3.0,0.2,-0.07,26.20,-0.56,11.8,0.004,-0.46,-26.27,-31.5,"",bandpeak_v1,32,0.02133,1.624,010101020201010101010201010101020202020202020201010101010202020402020202010101040101000404040505050101040505000000000001000100010101010101010202010101010101010101010101010101010101010101010101010101010101010101010103030103030303030301010003010301010000000002020202020000000002020204000202020202000202020202020202020303030000000b000505050505050005000505050000000005050500000005000000000101010101010101010101010101010101010101010101010101010101010201010404010101010104
https://www.youtube.com/watch?v=k1-TrAvp_xs,143.424,146.432,6.516,23,3.0,0.2,7.42,3.54,1.58,12.6,0.078,0.36,-3.55,-24.6,"",bandpeak_v1,32,0.02133,1.624,010101020201010101010201010101020202020202020201010101010202020402020202010101040101000404040505050101040505000000000001000100010101010101010202010101010101010101010101010101010101010101010101010101010101010101010103030103030303030301010003010301010000000002020202020000000002020204000202020202000202020202020202020303030000000b000505050505050005000505050000000005050500000005000000000101010101010101010101010101010101010101010101010101010101010201010404010101010104
https://www.youtube.com/watch?v=k1-TrAvp_xs,172.032,175.040,5.573,23,3.0,0.2,7.04,3.05,2.02,12.5,0.063,-0.88,-3.06,-23.4,"",bandpeak_v1,32,0.02133,1.624,010101020201010101010201010101020202020202020201010101010202020402020202010101040101000404040505050101040505000000000001000100010101010101010202010101010101010101010101010101010101010101010101010101010101010101010103030103030303030301010003010301010000000002020202020000000002020204000202020202000202020202020202020303030000000b000505050505050005000505050000000005050500000005000000000101010101010101010101010101010101010101010101010101010101010201010404010101010104
https://www.youtube.com/watch?v=k1-TrAvp_xs,187.968,190.976,12824.893,23,3.0,0.2,64.68,31962.47,-1.27,13.6,0.292,31.50,-32041.35,-90.5,"",bandpeak_v1,32,0.02133,1.624,010101020201010101010201010101020202020202020201010101010202020402020202010101040101000404040505050101040505000000000001000100010101010101010202010101010101010101010101010101010101010101010101010101010101010101010103030103030303030301010003010301010000000002020202020000000002020204000202020202000202020202020202020303030000000b000505050505050005000505050000000005050500000005000000000101010101010101010101010101010101010101010101010101010101010201010404010101010104
https://www.youtube.com/watch?v=9Wz2uAx_Bc4,0.000,3.008,243.429,23,3.0,0.2,25.47,565.43,-2.63,12.4,0.203,140.52,-565.43,-90.4,"",bandpeak_v1,32,0.02133,1.998,0002020202020202020202020202020200000000020202020202020202020202020002020202020200000202020202010101000101010101010101010101010101010100010101010101010101010101010101010100010101010101010101010101010101010001010101010101010101010101010101010000000000000000000000000000010100010101010101010000000000000100010101000001010101010101010101010101000101010101000101010101010101010101000000010000010000000000000000000000010000000000000000000000010101000000000000000000000001
https://www.youtube.com/watch?v=9Wz2uAx_Bc4,9.984,12.992,10.748,23,3.0,0.2,14.20,18.82,0.47,11.9,0.151,-0.15,-18.82,-20.9,"",bandpeak_v1,32,0.02133,1.998,0002020202020202020202020202020200000000020202020202020202020202020002020202020200000202020202010101000101010101010101010101010101010100010101010101010101010101010101010100010101010101010101010101010101010001010101010101010101010101010101010000000000000000000000000000010100010101010101010000000000000100010101000001010101010101010101010101000101010101000101010101010101010101000000010000010000000000000000000000010000000000000000000000010101000000000000000000000001
https://www.youtube.com/watch?v=9Wz2uAx_Bc4,17.856,23.168,13.909,23,3.0,0.2,15.22,18.92,1.24,12.4,0.522,-0.77,-18.92,-21.2,"",bandpeak_v1,32,0.02133,1.998,0002020202020202020202020202020200000000020202020202020202020202020002020202020200000202020202010101000101010101010101010101010101010100010101010101010101010101010101010100010101010101010101010101010101010001010101010101010101010101010101010000000000000000000000000000010100010101010101010000000000000100010101000001010101010101010101010101000101010101000101010101010101010101000000010000010000000000000000000000010000000000000000000000010101000000000000000000000001
https://www.youtube.com/watch?v=9Wz2uAx_Bc4,28.608,39.488,10.455,23,3.0,0.2,13.39,9.45,0.60,12.0,0.657,-1.09,-9.45,-20.6,"",bandpeak_v1,32,0.02133,1.998,0002020202020202020202020202020200000000020202020202020202020202020002020202020200000202020202010101000101010101010101010101010101010100010101010101010101010101010101010100010101010101010101010101010101010001010101010101010101010101010101010000000000000000000000000000010100010101010101010000000000000100010101000001010101010101010101010101000101010101000101010101010101010101000000010000010000000000000000000000010000000000000000000000010101000000000000000000000001
https://www.youtube.com/watch?v=9Wz2uAx_Bc4,48.768,57.152,13.084,23,3.0,0.2,13.39,25.71,-0.21,12.1,0.120,-0.04,-25.71,-21.1,"",bandpeak_v1,32,0.02133,1.998,0002020202020202020202020202020200000000020202020202020202020202020002020202020200000202020202010101000101010101010101010101010101010100010101010101010101010101010101010100010101010101010101010101010101010001010101010101010101010101010101010000000000000000000000000000010100010101010101010000000000000100010101000001010101010101010101010101000101010101000101010101010101010101000000010000010000000000000000000000010000000000000000000000010101000000000000000000000001
https://www.youtube.com/watch?v=9Wz2uAx_Bc4,70.656,73.664,5.495,23,3.0,0.2,15.00,5.36,0.87,12.2,0.125,-0.31,-5.36,-20.7,"",bandpeak_v1,32,0.02133,1.998,0002020202020202020202020202020200000000020202020202020202020202020002020202020200000202020202010101000101010101010101010101010101010100010101010101010101010101010101010100010101010101010101010101010101010001010101010101010101010101010101010000000000000000000000000000010100010101010101010000000000000100010101000001010101010101010101010101000101010101000101010101010101010101000000010000010000000000000000000000010000000000000000000000010101000000000000000000000001
https://www.youtube.com/watch?v=9Wz2uAx_Bc4,77.184,80.192,6.279,23,3.0,0.2,14.26,6.25,0.64,12.6,0.171,1.17,-6.25,-21.1,"",bandpeak_v1,32,0.02133,1.998,0002020202020202020202020202020200000000020202020202020202020202020002020202020200000202020202010101000101010101010101010101010101010100010101010101010101010101010101010100010101010101010101010101010101010001010101010101010101010101010101010000000000000000000000000000010100010101010101010000000000000100010101000001010101010101010101010101000101010101000101010101010101010101000000010000010000000000000000000000010000000000000000000000010101000000000000000000000001
https://www.youtube.com/watch?v=9Wz2uAx_Bc4,86.400,89.408,20.718,23,3.0,0.2,14.77,37.42,1.50,12.3,0.420,1.19,-37.42,-21.4,"",bandpeak_v1,32,0.02133,1.998,0002020202020202020202020202020200000000020202020202020202020202020002020202020200000202020202010101000101010101010101010101010101010100010101010101010101010101010101010100010101010101010101010101010101010001010101010101010101010101010101010000000000000000000000000000010100010101010101010000000000000100010101000001010101010101010101010101000101010101000101010101010101010101000000010000010000000000000000000000010000000000000000000000010101000000000000000000000001
https://www.youtube.com/watch?v=9Wz2uAx_Bc4,97.152,100.160,13.985,23,3.0,0.2,12.21,19.69,0.86,11.9,0.573,0.54,-19.69,-21.7,"",bandpeak_v1,32,0.02133,1.998,0002020202020202020202020202020200000000020202020202020202020202020002020202020200000202020202010101000101010101010101010101010101010100010101010101010101010101010101010100010101010101010101010101010101010001010101010101010101010101010101010000000000000000000000000000010100010101010101010000000000000100010101000001010101010101010101010101000101010101000101010101010101010101000000010000010000000000000000000000010000000000000000000000010101000000000000000000000001
https://www.youtube.com/watch?v=9Wz2uAx_Bc4,107.136,110.144,12.632,23,3.0,0.2,14.49,20.67,0.86,12.5,0.273,-0.90,-20.67,-21.4,"",bandpeak_v1,32,0.02133,1.998,0002020202020202020202020202020200000000020202020202020202020202020002020202020200000202020202010101000101010101010101010101010101010100010101010101010101010101010101010100010101010101010101010101010101010001010101010101010101010101010101010000000000000000000000000000010100010101010101010000000000000100010101000001010101010101010101010101000101010101000101010101010101010101000000010000010000000000000000000000010000000000000000000000010101000000000000000000000001
https://www.youtube.com/watch?v=9Wz2uAx_Bc4,118.848,126.656,16.348,23,3.0,0.2,13.26,25.11,1.61,12.8,0.522,-0.30,-25.11,-21.1,"",bandpeak_v1,32,0.02133,1.998,0002020202020202020202020202020200000000020202020202020202020202020002020202020200000202020202010101000101010101010101010101010101010100010101010101010101010101010101010100010101010101010101010101010101010001010101010101010101010101010101010000000000000000000000000000010100010101010101010000000000000100010101000001010101010101010101010101000101010101000101010101010101010101000000010000010000000000000000000000010000000000000000000000010101000000000000000000000001
https://www.youtube.com/watch?v=9Wz2uAx_Bc4,145.344,150.848,12.171,23,3.0,0.2,12.27,13.73,1.39,12.8,0.598,-0.02,-13.73,-21.2,"",bandpeak_v1,32,0.02133,1.998,0002020202020202020202020202020200000000020202020202020202020202020002020202020200000202020202010101000101010101010101010101010101010100010101010101010101010101010101010100010101010101010101010101010101010001010101010101010101010101010101010000000000000000000000000000010100010101010101010000000000000100010101000001010101010101010101010101000101010101000101010101010101010101000000010000010000000000000000000000010000000000000000000000010101000000000000000000000001
https://www.youtube.com/watch?v=9Wz2uAx_Bc4,155.904,158.912,15.804,23,3.0,0.2,12.88,22.59,1.37,12.7,0.625,-1.57,-22.59,-20.9,"",bandpeak_v1,32,0.02133,1.998,0002020202020202020202020202020200000000020202020202020202020202020002020202020200000202020202010101000101010101010101010101010101010100010101010101010101010101010101010100010101010101010101010101010101010001010101010101010101010101010101010000000000000000000000000000010100010101010101010000000000000100010101000001010101010101010101010101000101010101000101010101010101010101000000010000010000000000000000000000010000000000000000000000010101000000000000000000000001
https://www.youtube.com/watch?v=9Wz2uAx_Bc4,189.696,192.704,13.746,23,3.0,0.2,13.75,25.82,-0.22,11.6,0.226,-0.10,-25.82,-20.8,"",bandpeak_v1,32,0.02133,1.998,0002020202020202020202020202020200000000020202020202020202020202020002020202020200000202020202010101000101010101010101010101010101010100010101010101010101010101010101010100010101010101010101010101010101010001010101010101010101010101010101010000000000000000000000000000010100010101010101010000000000000100010101000001010101010101010101010101000101010101000101010101010101010101000000010000010000000000000000000000010000000000000000000000010101000000000000000000000001
https://www.youtube.com/watch?v=lg3DB0IziII,0.384,3.392,144.794,23,3.0,0.2,10.44,343.32,-7.18,12.9,0.283,82.67,-343.31,-90.5,"",bandpeak_v1,32,0.02133,2.000,0000000000000000000000000000000000000000000000000000000001010000000000000000000000000000000000000000000000000000000002020202020101010101010101010202020202020202020101020101010000010102020202020802030103070101010101010100000000000000000000000000000000000000000000000000000000030201010201010307010101010103070707070707010101010101030301010101010101010101010101010101010101010101010000000000000000000000010000000000000000000000020100010107020702010101030101010101030303
https://www.youtube.com/watch?v=lg3DB0IziII,11.136,14.144,12.190,23,3.0,0.2,5.54,24.19,-0.08,12.5,0.657,-0.41,-24.19,-21.3,"",bandpeak_v1,32,0.02133,2.000,0000000000000000000000000000000000000000000000000000000001010000000000000000000000000000000000000000000000000000000002020202020101010101010101010202020202020202020101020101010000010102020202020802030103070101010101010100000000000000000000000000000000000000000000000000000000030201010201010307010101010103070707070707010101010101030301010101010101010101010101010101010101010101010000000000000000000000010000000000000000000000020100010107020702010101030101010101030303
https://www.youtube.com/watch?v=lg3DB0IziII,19.008,22.016,12.506,23,3.0,0.2,5.51,24.54,-0.03,13.1,0.557,0.34,-24.54,-22.9,"",bandpeak_v1,32,0.02133,2.000,0000000000000000000000000000000000000000000000000000000001010000000000000000000000000000000000000000000000000000000002020202020101010101010101010202020202020202020101020101010000010102020202020802030103070101010101010100000000000000000000000000000000000000000000000000000000030201010201010307010101010103070707070707010101010101030301010101010101010101010101010101010101010101010000000000000000000000010000000000000000000000020100010107020702010101030101010101030303
https://www.youtube.com/watch?v=lg3DB0IziII,43.008,46.016,14.113,23,3.0,0.2,5.03,28.83,0.30,12.3,0.680,0.52,-28.83,-22.4,"",bandpeak_v1,32,0.02133,2.000,0000000000000000000000000000000000000000000000000000000001010000000000000000000000000000000000000000000000000000000002020202020101010101010101010202020202020202020101020101010000010102020202020802030103070101010101010100000000000000000000000000000000000000000000000000000000030201010201010307010101010103070707070707010101010101030301010101010101010101010101010101010101010101010000000000000000000000010000000000000000000000020100010107020702010101030101010101030303
https://www.youtube.com/watch?v=lg3DB0IziII,64.896,67.904,11.601,23,3.0,0.2,5.36,22.39,0.65,12.5,0.643,-0.55,-22.39,-21.7,"",bandpeak_v1,32,0.02133,2.000,0000000000000000000000000000000000000000000000000000000001010000000000000000000000000000000000000000000000000000000002020202020101010101010101010202020202020202020101020101010000010102020202020802030103070101010101010100000000000000000000000000000000000000000000000000000000030201010201010307010101010103070707070707010101010101030301010101010101010101010101010101010101010101010000000000000000000000010000000000000000000000020100010107020702010101030101010101030303
https://www.youtube.com/watch?v=lg3DB0IziII,78.720,81.728,11.925,23,3.0,0.2,5.40,23.01,0.74,12.8,0.608,-0.49,-23.01,-20.9,"",bandpeak_v1,32,0.02133,2.000,0000000000000000000000000000000000000000000000000000000001010000000000000000000000000000000000000000000000000000000002020202020101010101010101010202020202020202020101020101010000010102020202020802030103070101010101010100000000000000000000000000000000000000000000000000000000030201010201010307010101010103070707070707010101010101030301010101010101010101010101010101010101010101010000000000000000000000010000000000000000000000020100010107020702010101030101010101030303
https://www.youtube.com/watch?v=lg3DB0IziII,89.856,92.864,12.263,23,3.0,0.2,5.75,23.21,-0.18,12.3,0.865,-0.29,-23.21,-21.9,"",bandpeak_v1,32,0.02133,2.000,0000000000000000000000000000000000000000000000000000000001010000000000000000000000000000000000000000000000000000000002020202020101010101010101010202020202020202020101020101010000010102020202020802030103070101010101010100000000000000000000000000000000000000000000000000000000030201010201010307010101010103070707070707010101010101030301010101010101010101010101010101010101010101010000000000000000000000010000000000000000000000020100010107020702010101030101010101030303
https://www.youtube.com/watch?v=lg3DB0IziII,109.248,112.256,12.237,23,3.0,0.2,5.94,22.14,1.44,13.0,0.728,-1.17,-22.14,-21.8,"",bandpeak_v1,32,0.02133,2.000,0000000000000000000000000000000000000000000000000000000001010000000000000000000000000000000000000000000000000000000002020202020101010101010101010202020202020202020101020101010000010102020202020802030103070101010101010100000000000000000000000000000000000000000000000000000000030201010201010307010101010103070707070707010101010101030301010101010101010101010101010101010101010101010000000000000000000000010000000000000000000000020100010107020702010101030101010101030303
https://www.youtube.com/watch?v=lg3DB0IziII,123.840,126.848,13.019,23,3.0,0.2,5.36,24.83,1.60,12.8,0.669,-0.59,-24.83,-21.9,"",bandpeak_v1,32,0.02133,2.000,0000000000000000000000000000000000000000000000000000000001010000000000000000000000000000000000000000000000000000000002020202020101010101010101010202020202020202020101020101010000010102020202020802030103070101010101010100000000000000000000000000000000000000000000000000000000030201010201010307010101010103070707070707010101010101030301010101010101010101010101010101010101010101010000000000000000000000010000000000000000000000020100010107020702010101030101010101030303
https://www.youtube.com/watch?v=lg3DB0IziII,132.864,135.872,16.948,23,3.0,0.2,5.51,39.38,0.39,12.3,0.252,-1.58,-39.38,-20.9,"",bandpeak_v1,32,0.02133,2.000,0000000000000000000000000000000000000000000000000000000001010000000000000000000000000000000000000000000000000000000002020202020101010101010101010202020202020202020101020101010000010102020202020802030103070101010101010100000000000000000000000000000000000000000000000000000000030201010201010307010101010103070707070707010101010101030301010101010101010101010101010101010101010101010000000000000000000000010000000000000000000000020100010107020702010101030101010101030303
https://www.youtube.com/watch?v=lg3DB0IziII,173.376,176.384,12.240,23,3.0,0.2,5.43,23.93,0.46,12.9,0.598,-0.72,-23.93,-20.9,"",bandpeak_v1,32,0.02133,2.000,0000000000000000000000000000000000000000000000000000000001010000000000000000000000000000000000000000000000000000000002020202020101010101010101010202020202020202020101020101010000010102020202020802030103070101010101010100000000000000000000000000000000000000000000000000000000030201010201010307010101010103070707070707010101010101030301010101010101010101010101010101010101010101010000000000000000000000010000000000000000000000020100010107020702010101030101010101030303
https://www.youtube.com/watch?v=lg3DB0IziII,181.440,188.288,12.389,23,3.0,0.2,4.57,27.04,-0.54,13.3,0.193,0.93,-27.04,-24.4,"",bandpeak_v1,32,0.02133,2.000,0000000000000000000000000000000000000000000000000000000001010000000000000000000000000000000000000000000000000000000002020202020101010101010101010202020202020202020101020101010000010102020202020802030103070101010101010100000000000000000000000000000000000000000000000000000000030201010201010307010101010103070707070707010101010101030301010101010101010101010101010101010101010101010000000000000000000000010000000000000000000000020100010107020702010101030101010101030303
https://www.youtube.com/watch?v=lg3DB0IziII,193.536,201.152,21.993,23,3.0,0.2,6.54,46.44,-0.22,13.2,0.673,2.69,-46.43,-23.8,"",bandpeak_v1,32,0.02133,2.000,0000000000000000000000000000000000000000000000000000000001010000000000000000000000000000000000000000000000000000000002020202020101010101010101010202020202020202020101020101010000010102020202020802030103070101010101010100000000000000000000000000000000000000000000000000000000030201010201010307010101010103070707070707010101010101030301010101010101010101010101010101010101010101010000000000000000000000010000000000000000000000020100010107020702010101030101010101030303
https://www.youtube.com/watch?v=lg3DB0IziII,204.672,209.408,33.411,23,3.0,0.2,7.29,75.57,-0.75,13.0,0.676,1.61,-75.57,-23.8,"",bandpeak_v1,32,0.02133,2.000,0000000000000000000000000000000000000000000000000000000001010000000000000000000000000000000000000000000000000000000002020202020101010101010101010202020202020202020101020101010000010102020202020802030103070101010101010100000000000000000000000000000000000000000000000000000000030201010201010307010101010103070707070707010101010101030301010101010101010101010101010101010101010101010000000000000000000000010000000000000000000000020100010107020702010101030101010101030303
https://www.youtube.com/watch?v=lg3DB0IziII,213.120,216.128,25.641,23,3.0,0.2,6.41,55.08,-3.57,13.4,0.703,10.69,-55.08,-31.9,"",bandpeak_v1,32,0.02133,2.000,0000000000000000000000000000000000000000000000000000000001010000000000000000000000000000000000000000000000000000000002020202020101010101010101010202020202020202020101020101010000010102020202020802030103070101010101010100000000000000000000000000000000000000000000000000000000030201010201010307010101010103070707070707010101010101030301010101010101010101010101010101010101010101010000000000000000000000010000000000000000000000020100010107020702010101030101010101030303
https://www.youtube.com/watch?v=lg3DB0IziII,221.568,228.800,25.086,23,3.0,0.2,6.51,54.67,-1.91,13.1,0.526,9.86,-54.66,-31.1,"",bandpeak_v1,32,0.02133,2.000,0000000000000000000000000000000000000000000000000000000001010000000000000000000000000000000000000000000000000000000002020202020101010101010101010202020202020202020101020101010000010102020202020802030103070101010101010100000000000000000000000000000000000000000000000000000000030201010201010307010101010103070707070707010101010101030301010101010101010101010101010101010101010101010000000000000000000000010000000000000000000000020100010107020702010101030101010101030303
https://www.youtube.com/watch?v=JYqfVE-fykk,9.600,18.176,10.273,23,3.0,0.2,9.81,14.06,1.42,12.1,0.624,2.25,-14.06,-27.8,"",bandpeak_v1,32,0.02133,2.000,0101010101000001010101010001000000000001010000000000000001000100000100000001010000000000000001020202020201000001010000000000000102020202010202010000010101020000000000000102020101010101010101000000020202000000000000000000010301060101000000000001020100000000010000000000000000000101010101000101000101000000010001010000000001000000010100000000040403000202010202020101010101010101010102020101010303000000000202020100000000010101010100000000000102000001000000010001000101
https://www.youtube.com/watch?v=JYqfVE-fykk,35.520,38.528,6.497,23,3.0,0.2,8.06,2.51,0.82,12.5,0.921,0.64,-2.51,-26.5,"",bandpeak_v1,32,0.02133,2.000,0101010101000001010101010001000000000001010000000000000001000100000100000001010000000000000001020202020201000001010000000000000102020202010202010000010101020000000000000102020101010101010101000000020202000000000000000000010301060101000000000001020100000000010000000000000000000101010101000101000101000000010001010000000001000000010100000000040403000202010202020101010101010101010102020101010303000000000202020100000000010101010100000000000102000001000000010001000101
https://www.youtube.com/watch?v=JYqfVE-fykk,45.888,58.112,6.827,23,3.0,0.2,9.91,7.56,-0.13,12.3,0.565,-0.60,-7.56,-25.1,"",bandpeak_v1,32,0.02133,2.000,0101010101000001010101010001000000000001010000000000000001000100000100000001010000000000000001020202020201000001010000000000000102020202010202010000010101020000000000000102020101010101010101000000020202000000000000000000010301060101000000000001020100000000010000000000000000000101010101000101000101000000010001010000000001000000010100000000040403000202010202020101010101010101010102020101010303000000000202020100000000010101010100000000000102000001000000010001000101
https://www.youtube.com/watch?v=JYqfVE-fykk,78.144,81.152,7.219,23,3.0,0.2,9.08,8.68,-0.08,12.5,0.546,0.21,-8.68,-26.6,"",bandpeak_v1,32,0.02133,2.000,0101010101000001010101010001000000000001010000000000000001000100000100000001010000000000000001020202020201000001010000000000000102020202010202010000010101020000000000000102020101010101010101000000020202000000000000000000010301060101000000000001020100000000010000000000000000000101010101000101000101000000010001010000000001000000010100000000040403000202010202020101010101010101010102020101010303000000000202020100000000010101010100000000000102000001000000010001000101
https://www.youtube.com/watch?v=JYqfVE-fykk,132.672,135.680,7.419,23,3.0,0.2,9.23,7.18,0.81,12.4,0.669,0.65,-7.18,-25.9,"",bandpeak_v1,32,0.02133,2.000,0101010101000001010101010001000000000001010000000000000001000100000100000001010000000000000001020202020201000001010000000000000102020202010202010000010101020000000000000102020101010101010101000000020202000000000000000000010301060101000000000001020100000000010000000000000000000101010101000101000101000000010001010000000001000000010100000000040403000202010202020101010101010101010102020101010303000000000202020100000000010101010100000000000102000001000000010001000101
https://www.youtube.com/watch?v=JYqfVE-fykk,156.672,162.176,7.529,23,3.0,0.2,9.35,5.63,0.04,13.0,0.862,-0.56,-5.63,-25.7,"",bandpeak_v1,32,0.02133,2.000,0101010101000001010101010001000000000001010000000000000001000100000100000001010000000000000001020202020201000001010000000000000102020202010202010000010101020000000000000102020101010101010101000000020202000000000000000000010301060101000000000001020100000000010000000000000000000101010101000101000101000000010001010000000001000000010100000000040403000202010202020101010101010101010102020101010303000000000202020100000000010101010100000000000102000001000000010001000101
https://www.youtube.com/watch?v=JYqfVE-fykk,183.168,186.176,6.843,23,3.0,0.2,9.71,4.40,0.29,12.4,0.818,-0.01,-4.40,-25.1,"",bandpeak_v1,32,0.02133,2.000,0101010101000001010101010001000000000001010000000000000001000100000100000001010000000000000001020202020201000001010000000000000102020202010202010000010101020000000000000102020101010101010101000000020202000000000000000000010301060101000000000001020100000000010000000000000000000101010101000101000101000000010001010000000001000000010100000000040403000202010202020101010101010101010102020101010303000000000202020100000000010101010100000000000102000001000000010001000101
https://www.youtube.com/watch?v=JYqfVE-fykk,194.496,197.504,7.634,23,3.0,0.2,10.23,3.88,1.85,12.4,0.923,0.80,-3.88,-25.1,"",bandpeak_v1,32,0.02133,2.000,0101010101000001010101010001000000000001010000000000000001000100000100000001010000000000000001020202020201000001010000000000000102020202010202010000010101020000000000000102020101010101010101000000020202000000000000000000010301060101000000000001020100000000010000000000000000000101010101000101000101000000010001010000000001000000010100000000040403000202010202020101010101010101010102020101010303000000000202020100000000010101010100000000000102000001000000010001000101
https://www.youtube.com/watch?v=JYqfVE-fykk,219.264,224.000,7.267,23,3.0,0.2,8.50,6.68,0.68,12.8,0.708,-0.57,-6.68,-25.5,"",bandpeak_v1,32,0.02133,2.000,0101010101000001010101010001000000000001010000000000000001000100000100000001010000000000000001020202020201000001010000000000000102020202010202010000010101020000000000000102020101010101010101000000020202000000000000000000010301060101000000000001020100000000010000000000000000000101010101000101000101000000010001010000000001000000010100000000040403000202010202020101010101010101010102020101010303000000000202020100000000010101010100000000000102000001000000010001000101
https://www.youtube.com/watch?v=JYqfVE-fykk,236.736,239.744,7.290,23,3.0,0.2,8.69,5.41,1.93,12.8,0.756,-0.58,-5.41,-25.2,"",bandpeak_v1,32,0.02133,2.000,0101010101000001010101010001000000000001010000000000000001000100000100000001010000000000000001020202020201000001010000000000000102020202010202010000010101020000000000000102020101010101010101000000020202000000000000000000010301060101000000000001020100000000010000000000000000000101010101000101000101000000010001010000000001000000010100000000040403000202010202020101010101010101010102020101010303000000000202020100000000010101010100000000000102000001000000010001000101
https://www.youtube.com/watch?v=JYqfVE-fykk,259.584,265.280,8.074,23,3.0,0.2,8.17,8.79,0.45,12.4,0.745,-0.21,-8.79,-26.3,"",bandpeak_v1,32,0.02133,2.000,0101010101000001010101010001000000000001010000000000000001000100000100000001010000000000000001020202020201000001010000000000000102020202010202010000010101020000000000000102020101010101010101000000020202000000000000000000010301060101000000000001020100000000010000000000000000000101010101000101000101000000010001010000000001000000010100000000040403000202010202020101010101010101010102020101010303000000000202020100000000010101010100000000000102000001000000010001000101
file://D:\Development\Sonar-Web\SonarVid\20 - 19. The Bigger They Are.m4b,17.856,20.864,36.181,23,3.0,0.2,4.73,85.97,1.41,14.6,0.978,0.63,-85.97,-26.3,"",bandpeak_v1,32,0.02133,2.000,0e0f11121010020101010101010101010101010101010101010103010101030101010101020101010101010101010101010101010102020202020202020203030303010505060702020202130204040303021a0404040403011f0105050303030303040404010506040201010406080a0802060403010d0404040404020301030303040a020202020201030303030303030303040406060201050501030301181712020202020b02020501011e1f02020202020202020502020202020202020202010101040402120404020202040303040302030303030202020202020402020a020101010a0c0c05
file://D:\Development\Sonar-Web\SonarVid\20 - 19. The Bigger They Are.m4b,31.104,38.144,40.952,23,3.0,0.2,4.73,99.25,0.30,14.3,0.945,-0.20,-99.25,-27.1,"",bandpeak_v1,32,0.02133,2.000,0e0f11121010020101010101010101010101010101010101010103010101030101010101020101010101010101010101010101010102020202020202020203030303010505060702020202130204040303021a0404040403011f0105050303030303040404010506040201010406080a0802060403010d0404040404020301030303040a020202020201030303030303030303040406060201050501030301181712020202020b02020501011e1f02020202020202020502020202020202020202010101040402120404020202040303040302030303030202020202020402020a020101010a0c0c05
file://D:\Development\Sonar-Web\SonarVid\20 - 19. The Bigger They Are.m4b,56.640,59.648,37.536,23,3.0,0.2,4.75,90.77,-0.34,14.5,0.973,-0.04,-90.77,-28.8,"",bandpeak_v1,32,0.02133,2.000,0e0f11121010020101010101010101010101010101010101010103010101030101010101020101010101010101010101010101010102020202020202020203030303010505060702020202130204040303021a0404040403011f0105050303030303040404010506040201010406080a0802060403010d0404040404020301030303040a020202020201030303030303030303040406060201050501030301181712020202020b02020501011e1f02020202020202020502020202020202020202010101040402120404020202040303040302030303030202020202020402020a020101010a0c0c05
file://D:\Development\Sonar-Web\SonarVid\20 - 19. The Bigger They Are.m4b,85.056,88.064,34.917,23,3.0,0.2,4.97,85.34,-0.77,13.9,0.823,0.20,-85.34,-29.7,"",bandpeak_v1,32,0.02133,2.000,0e0f11121010020101010101010101010101010101010101010103010101030101010101020101010101010101010101010101010102020202020202020203030303010505060702020202130204040303021a0404040403011f0105050303030303040404010506040201010406080a0802060403010d0404040404020301030303040a020202020201030303030303030303040406060201050501030301181712020202020b02020501011e1f02020202020202020502020202020202020202010101040402120404020202040303040302030303030202020202020402020a020101010a0c0c05
file://D:\Development\Sonar-Web\SonarVid\20 - 19. The Bigger They Are.m4b,125.184,128.192,34.754,23,3.0,0.2,4.39,85.10,-1.26,14.0,0.932,0.33,-85.10,-29.2,"",bandpeak_v1,32,0.02133,2.000,0e0f11121010020101010101010101010101010101010101010103010101030101010101020101010101010101010101010101010102020202020202020203030303010505060702020202130204040303021a0404040403011f0105050303030303040404010506040201010406080a0802060403010d0404040404020301030303040a020202020201030303030303030303040406060201050501030301181712020202020b02020501011e1f02020202020202020502020202020202020202010101040402120404020202040303040302030303030202020202020402020a020101010a0c0c05
file://D:\Development\Sonar-Web\SonarVid\20 - 19. The Bigger They Are.m4b,160.704,163.712,33.912,23,3.0,0.2,4.01,82.03,1.34,14.0,0.926,-1.49,-82.03,-24.6,"",bandpeak_v1,32,0.02133,2.000,0e0f11121010020101010101010101010101010101010101010103010101030101010101020101010101010101010101010101010102020202020202020203030303010505060702020202130204040303021a0404040403011f0105050303030303040404010506040201010406080a0802060403010d0404040404020301030303040a020202020201030303030303030303040406060201050501030301181712020202020b02020501011e1f02020202020202020502020202020202020202010101040402120404020202040303040302030303030202020202020402020a020101010a0c0c05
file://D:\Development\Sonar-Web\SonarVid\20 - 19. The Bigger They Are.m4b,194.304,197.312,34.887,23,3.0,0.2,4.76,84.06,0.56,14.1,0.952,0.04,-84.06,-28.0,"",bandpeak_v1,32,0.02133,2.000,0e0f11121010020101010101010101010101010101010101010103010101030101010101020101010101010101010101010101010102020202020202020203030303010505060702020202130204040303021a0404040403011f0105050303030303040404010506040201010406080a0802060403010d0404040404020301030303040a020202020201030303030303030303040406060201050501030301181712020202020b02020501011e1f02020202020202020502020202020202020202010101040402120404020202040303040302030303030202020202020402020a020101010a0c0c05
file://D:\Development\Sonar-Web\SonarVid\20 - 19. The Bigger They Are.m4b,228.480,231.488,43.922,23,3.0,0.2,4.90,105.59,1.63,14.6,0.976,-1.42,-105.59,-24.0,"",bandpeak_v1,32,0.02133,2.000,0e0f11121010020101010101010101010101010101010101010103010101030101010101020101010101010101010101010101010102020202020202020203030303010505060702020202130204040303021a0404040403011f0105050303030303040404010506040201010406080a0802060403010d0404040404020301030303040a020202020201030303030303030303040406060201050501030301181712020202020b02020501011e1f02020202020202020502020202020202020202010101040402120404020202040303040302030303030202020202020402020a020101010a0c0c05
file://D:\Development\Sonar-Web\SonarVid\20 - 19. The Bigger They Are.m4b,255.744,258.752,39.172,23,3.0,0.2,4.93,94.72,-0.56,14.6,0.942,0.49,-94.72,-30.3,"",bandpeak_v1,32,0.02133,2.000,0e0f11121010020101010101010101010101010101010101010103010101030101010101020101010101010101010101010101010102020202020202020203030303010505060702020202130204040303021a0404040403011f0105050303030303040404010506040201010406080a0802060403010d0404040404020301030303040a020202020201030303030303030303040406060201050501030301181712020202020b02020501011e1f02020202020202020502020202020202020202010101040402120404020202040303040302030303030202020202020402020a020101010a0c0c05
file://D:\Development\Sonar-Web\SonarVid\20 - 19. The Bigger They Are.m4b,262.656,265.664,35.547,23,3.0,0.2,4.72,85.60,1.10,14.4,0.698,-0.88,-85.60,-25.5,"",bandpeak_v1,32,0.02133,2.000,0e0f11121010020101010101010101010101010101010101010103010101030101010101020101010101010101010101010101010102020202020202020203030303010505060702020202130204040303021a0404040403011f0105050303030303040404010506040201010406080a0802060403010d0404040404020301030303040a020202020201030303030303030303040406060201050501030301181712020202020b02020501011e1f02020202020202020502020202020202020202010101040402120404020202040303040302030303030202020202020402020a020101010a0c0c05
file://D:\Development\Sonar-Web\SonarVid\20 - 19. The Bigger They Are.m4b,268.992,272.000,37.514,23,3.0,0.2,4.70,88.99,1.93,14.8,0.988,-0.83,-88.99,-26.2,"",bandpeak_v1,32,0.02133,2.000,0e0f11121010020101010101010101010101010101010101010103010101030101010101020101010101010101010101010101010102020202020202020203030303010505060702020202130204040303021a0404040403011f0105050303030303040404010506040201010406080a0802060403010d0404040404020301030303040a020202020201030303030303030303040406060201050501030301181712020202020b02020501011e1f02020202020202020502020202020202020202010101040402120404020202040303040302030303030202020202020402020a020101010a0c0c05
file://D:\Development\Sonar-Web\SonarVid\20 - 19. The Bigger They Are.m4b,289.344,295.424,43.068,23,3.0,0.2,5.14,103.72,0.22,14.8,0.941,-0.16,-103.72,-27.7,"",bandpeak_v1,32,0.02133,2.000,0e0f11121010020101010101010101010101010101010101010103010101030101010101020101010101010101010101010101010102020202020202020203030303010505060702020202130204040303021a0404040403011f0105050303030303040404010506040201010406080a0802060403010d0404040404020301030303040a020202020201030303030303030303040406060201050501030301181712020202020b02020501011e1f02020202020202020502020202020202020202010101040402120404020202040303040302030303030202020202020402020a020101010a0c0c05
file://D:\Development\Sonar-Web\SonarVid\20 - 19. The Bigger They Are.m4b,310.848,316.928,42.434,23,3.0,0.2,5.12,103.35,0.05,14.1,0.952,-0.70,-103.36,-26.4,"",bandpeak_v1,32,0.02133,2.000,0e0f11121010020101010101010101010101010101010101010103010101030101010101020101010101010101010101010101010102020202020202020203030303010505060702020202130204040303021a0404040403011f0105050303030303040404010506040201010406080a0802060403010d0404040404020301030303040a020202020201030303030303030303040406060201050501030301181712020202020b02020501011e1f02020202020202020502020202020202020202010101040402120404020202040303040302030303030202020202020402020a020101010a0c0c05
file://D:\Development\Sonar-Web\SonarVid\20 - 19. The Bigger They Are.m4b,324.672,327.680,42.393,23,3.0,0.2,5.04,102.11,-0.42,14.8,0.985,1.10,-102.11,-30.6,"",bandpeak_v1,32,0.02133,2.000,0e0f11121010020101010101010101010101010101010101010103010101030101010101020101010101010101010101010101010102020202020202020203030303010505060702020202130204040303021a0404040403011f0105050303030303040404010506040201010406080a0802060403010d0404040404020301030303040a020202020201030303030303030303040406060201050501030301181712020202020b02020501011e1f02020202020202020502020202020202020202010101040402120404020202040303040302030303030202020202020402020a020101010a0c0c05
file://D:\Development\Sonar-Web\SonarVid\20 - 19. The Bigger They Are.m4b,330.816,337.472,40.891,23,3.0,0.2,4.13,100.43,-1.96,14.5,0.913,-0.01,-100.43,-32.3,"",bandpeak_v1,32,0.02133,2.000,0e0f11121010020101010101010101010101010101010101010103010101030101010101020101010101010101010101010101010102020202020202020203030303010505060702020202130204040303021a0404040403011f0105050303030303040404010506040201010406080a0802060403010d0404040404020301030303040a020202020201030303030303030303040406060201050501030301181712020202020b02020501011e1f02020202020202020502020202020202020202010101040402120404020202040303040302030303030202020202020402020a020101010a0c0c05
file://D:\Development\Sonar-Web\SonarVid\20 - 19. The Bigger They Are.m4b,366.720,369.728,43.270,23,3.0,0.2,4.88,106.17,-1.92,14.2,0.932,1.21,-106.17,-32.3,"",bandpeak_v1,32,0.02133,2.000,0e0f11121010020101010101010101010101010101010101010103010101030101010101020101010101010101010101010101010102020202020202020203030303010505060702020202130204040303021a0404040403011f0105050303030303040404010506040201010406080a0802060403010d0404040404020301030303040a020202020201030303030303030303040406060201050501030301181712020202020b02020501011e1f02020202020202020502020202020202020202010101040402120404020202040303040302030303030202020202020402020a020101010a0c0c05
file://D:\Development\Sonar-Web\SonarVid\04 - Chapter 3.m4b,215.616,224.384,20.851,23,3.0,0.2,5.66,47.60,0.63,14.6,0.968,0.92,-47.60,-30.8,"",bandpeak_v1,32,0.02133,2.000,00000004030303030105030d0206060606030303030303010303030202020202030202010116010403010303040101140a0a0a080503030302021b19010606010105030303030303030102020202020a020101011b1d1e1e03031913171414161618020402020403011c01010402060503030202020303030505040b020203030303030202020202020202020202010404060203030301141305050503030303030303030202020205050503030300000203020403010103030101030303020202010202020209030312030303111203050303030303021f1b1c1a010105060606060301011c060101
file://D:\Development\Sonar-Web\SonarVid\04 - Chapter 3.m4b,911.424,914.432,20.710,23,3.0,0.2,5.70,47.87,0.56,14.4,0.910,0.01,-47.87,-27.0,"",bandpeak_v1,32,0.02133,2.000,00000004030303030105030d0206060606030303030303010303030202020202030202010116010403010303040101140a0a0a080503030302021b19010606010105030303030303030102020202020a020101011b1d1e1e03031913171414161618020402020403011c01010402060503030202020303030505040b020203030303030202020202020202020202010404060203030301141305050503030303030303030202020205050503030300000203020403010103030101030303020202010202020209030312030303111203050303030303021f1b1c1a010105060606060301011c060101
file://D:\Development\Sonar-Web\SonarVid\04 - Chapter 3.m4b,982.656,985.664,20.839,23,3.0,0.2,5.61,48.32,-0.26,14.9,0.930,-0.67,-48.32,-29.1,"",bandpeak_v1,32,0.02133,2.000,00000004030303030105030d0206060606030303030303010303030202020202030202010116010403010303040101140a0a0a080503030302021b19010606010105030303030303030102020202020a020101011b1d1e1e03031913171414161618020402020403011c01010402060503030202020303030505040b020203030303030202020202020202020202010404060203030301141305050503030303030303030202020205050503030300000203020403010103030101030303020202010202020209030312030303111203050303030303021f1b1c1a010105060606060301011c060101
file://D:\Development\Sonar-Web\SonarVid\04 - Chapter 3.m4b,1012.800,1015.808,20.523,23,3.0,0.2,5.44,46.86,-0.95,15.0,0.819,4.24,-46.86,-44.6,"",bandpeak_v1,32,0.02133,2.000,00000004030303030105030d0206060606030303030303010303030202020202030202010116010403010303040101140a0a0a080503030302021b19010606010105030303030303030102020202020a020101011b1d1e1e03031913171414161618020402020403011c01010402060503030202020303030505040b020203030303030202020202020202020202010404060203030301141305050503030303030303030202020205050503030300000203020403010103030101030303020202010202020209030312030303111203050303030303021f1b1c1a010105060606060301011c060101
file://D:\Development\Sonar-Web\SonarVid\04 - Chapter 3.m4b,1085.952,1088.960,20.898,23,3.0,0.2,5.30,47.33,1.41,15.3,0.804,-0.40,-47.33,-26.7,"",bandpeak_v1,32,0.02133,2.000,00000004030303030105030d0206060606030303030303010303030202020202030202010116010403010303040101140a0a0a080503030302021b19010606010105030303030303030102020202020a020101011b1d1e1e03031913171414161618020402020403011c01010402060503030202020303030505040b020203030303030202020202020202020202010404060203030301141305050503030303030303030202020205050503030300000203020403010103030101030303020202010202020209030312030303111203050303030303021f1b1c1a010105060606060301011c060101
file://D:\Development\Sonar-Web\SonarVid\04 - Chapter 3.m4b,1308.864,1311.872,20.423,23,3.0,0.2,5.17,47.71,-0.79,14.9,0.893,0.03,-47.71,-31.3,"",bandpeak_v1,32,0.02133,2.000,00000004030303030105030d0206060606030303030303010303030202020202030202010116010403010303040101140a0a0a080503030302021b19010606010105030303030303030102020202020a020101011b1d1e1e03031913171414161618020402020403011c01010402060503030202020303030505040b020203030303030202020202020202020202010404060203030301141305050503030303030303030202020205050503030300000203020403010103030101030303020202010202020209030312030303111203050303030303021f1b1c1a010105060606060301011c060101
file://D:\Development\Sonar-Web\SonarVid\04 - Chapter 3.m4b,1601.472,1604.480,20.801,23,3.0,0.2,5.89,46.26,2.39,14.9,0.947,0.05,-46.26,-24.7,"",bandpeak_v1,32,0.02133,2.000,00000004030303030105030d0206060606030303030303010303030202020202030202010116010403010303040101140a0a0a080503030302021b19010606010105030303030303030102020202020a020101011b1d1e1e03031913171414161618020402020403011c01010402060503030202020303030505040b020203030303030202020202020202020202010404060203030301141305050503030303030303030202020205050503030300000203020403010103030101030303020202010202020209030312030303111203050303030303021f1b1c1a010105060606060301011c060101
file://D:\Development\Sonar-Web\SonarVid\04 - Chapter 3.m4b,1721.664,1724.672,21.681,23,3.0,0.2,5.78,48.82,1.05,15.5,0.962,-0.40,-48.82,-26.7,"",bandpeak_v1,32,0.02133,2.000,00000004030303030105030d0206060606030303030303010303030202020202030202010116010403010303040101140a0a0a080503030302021b19010606010105030303030303030102020202020a020101011b1d1e1e03031913171414161618020402020403011c01010402060503030202020303030505040b020203030303030202020202020202020202010404060203030301141305050503030303030303030202020205050503030300000203020403010103030101030303020202010202020209030312030303111203050303030303021f1b1c1a010105060606060301011c060101
file://D:\Development\Sonar-Web\SonarVid\04 - Chapter 3.m4b,2325.504,2328.512,21.661,23,3.0,0.2,5.65,50.75,-0.81,14.8,0.950,-0.80,-50.75,-31.3,"",bandpeak_v1,32,0.02133,2.000,00000004030303030105030d0206060606030303030303010303030202020202030202010116010403010303040101140a0a0a080503030302021b19010606010105030303030303030102020202020a020101011b1d1e1e03031913171414161618020402020403011c01010402060503030202020303030505040b020203030303030202020202020202020202010404060203030301141305050503030303030303030202020205050503030300000203020403010103030101030303020202010202020209030312030303111203050303030303021f1b1c1a010105060606060301011c060101
file://D:\Development\Sonar-Web\SonarVid\04 - Chapter 3.m4b,2377.728,2380.736,20.744,23,3.0,0.2,5.26,47.36,0.54,15.1,0.924,-0.25,-47.36,-27.8,"",bandpeak_v1,32,0.02133,2.000,00000004030303030105030d0206060606030303030303010303030202020202030202010116010403010303040101140a0a0a080503030302021b19010606010105030303030303030102020202020a020101011b1d1e1e03031913171414161618020402020403011c01010402060503030202020303030505040b020203030303030202020202020202020202010404060203030301141305050503030303030303030202020205050503030300000203020403010103030101030303020202010202020209030312030303111203050303030303021f1b1c1a010105060606060301011c060101
file://D:\Development\Sonar-Web\SonarVid\04 - Chapter 3.m4b,2569.920,2578.304,21.095,23,3.0,0.2,5.54,46.23,2.29,15.3,0.982,1.97,-46.23,-29.1,"",bandpeak_v1,32,0.02133,2.000,00000004030303030105030d0206060606030303030303010303030202020202030202010116010403010303040101140a0a0a080503030302021b19010606010105030303030303030102020202020a020101011b1d1e1e03031913171414161618020402020403011c01010402060503030202020303030505040b020203030303030202020202020202020202010404060203030301141305050503030303030303030202020205050503030300000203020403010103030101030303020202010202020209030312030303111203050303030303021f1b1c1a010105060606060301011c060101
file://D:\Development\Sonar-Web\SonarVid\04 - Chapter 3.m4b,2597.760,2600.768,22.333,23,3.0,0.2,5.75,49.91,3.03,14.4,0.952,1.38,-49.91,-28.0,"",bandpeak_v1,32,0.02133,2.000,00000004030303030105030d0206060606030303030303010303030202020202030202010116010403010303040101140a0a0a080503030302021b19010606010105030303030303030102020202020a020101011b1d1e1e03031913171414161618020402020403011c01010402060503030202020303030505040b020203030303030202020202020202020202010404060203030301141305050503030303030303030202020205050503030300000203020403010103030101030303020202010202020209030312030303111203050303030303021f1b1c1a010105060606060301011c060101
file://D:\Development\Sonar-Web\SonarVid\04 - Chapter 3.m4b,2728.512,2731.520,21.513,23,3.0,0.2,5.00,47.05,3.81,14.7,0.948,2.43,-47.05,-29.9,"",bandpeak_v1,32,0.02133,2.000,00000004030303030105030d0206060606030303030303010303030202020202030202010116010403010303040101140a0a0a080503030302021b19010606010105030303030303030102020202020a020101011b1d1e1e03031913171414161618020402020403011c01010402060503030202020303030505040b020203030303030202020202020202020202010404060203030301141305050503030303030303030202020205050503030300000203020403010103030101030303020202010202020209030312030303111203050303030303021f1b1c1a010105060606060301011c060101
file://D:\Development\Sonar-Web\SonarVid\04 - Chapter 3.m4b,2904.768,2907.776,20.377,23,3.0,0.2,5.74,43.88,2.89,15.0,0.961,3.66,-43.88,-33.7,"",bandpeak_v1,32,0.02133,2.000,00000004030303030105030d0206060606030303030303010303030202020202030202010116010403010303040101140a0a0a080503030302021b19010606010105030303030303030102020202020a020101011b1d1e1e03031913171414161618020402020403011c01010402060503030202020303030505040b020203030303030202020202020202020202010404060203030301141305050503030303030303030202020205050503030300000203020403010103030101030303020202010202020209030312030303111203050303030303021f1b1c1a010105060606060301011c060101
file://D:\Development\Sonar-Web\SonarVid\04 - Chapter 3.m4b,2971.200,2974.208,22.155,23,3.0,0.2,5.35,50.90,1.13,15.0,0.862,-0.96,-50.90,-26.6,"",bandpeak_v1,32,0.02133,2.000,00000004030303030105030d0206060606030303030303010303030202020202030202010116010403010303040101140a0a0a080503030302021b19010606010105030303030303030102020202020a020101011b1d1e1e03031913171414161618020402020403011c01010402060503030202020303030505040b020203030303030202020202020202020202010404060203030301141305050503030303030303030202020205050503030300000203020403010103030101030303020202010202020209030312030303111203050303030303021f1b1c1a010105060606060301011c060101
file://D:\Development\Sonar-Web\SonarVid\04 - Chapter 3.m4b,2992.896,2995.904,20.553,23,3.0,0.2,5.05,47.13,-0.32,15.0,0.876,2.39,-47.13,-35.3,"",bandpeak_v1,32,0.02133,2.000,00000004030303030105030d0206060606030303030303010303030202020202030202010116010403010303040101140a0a0a080503030302021b19010606010105030303030303030102020202020a020101011b1d1e1e03031913171414161618020402020403011c01010402060503030202020303030505040b020203030303030202020202020202020202010404060203030301141305050503030303030303030202020205050503030300000203020403010103030101030303020202010202020209030312030303111203050303030303021f1b1c1a010105060606060301011c060101
file://D:\Development\Sonar-Web\SonarVid\04 - Chapter 3.m4b,3029.760,3032.768,21.241,23,3.0,0.2,5.79,48.94,-0.53,14.9,0.971,0.94,-48.94,-34.6,"",bandpeak_v1,32,0.02133,2.000,00000004030303030105030d0206060606030303030303010303030202020202030202010116010403010303040101140a0a0a080503030302021b19010606010105030303030303030102020202020a020101011b1d1e1e03031913171414161618020402020403011c01010402060503030202020303030505040b020203030303030202020202020202020202010404060203030301141305050503030303030303030202020205050503030300000203020403010103030101030303020202010202020209030312030303111203050303030303021f1b1c1a010105060606060301011c060101
file://D:\Development\Sonar-Web\SonarVid\Fuck You - Lily Allen (Lyrics).mp3,1.344,4.352,219.623,23,3.0,0.2,-1.86,530.29,-5.33,12.3,0.000,112.45,-530.27,-120.0,"",bandpeak_v1,32,0.02133,2.000,00000000000000000000000000000000000000000000000000000000000000000000000000000000001913020202020202020204050505030503030303030303030303030303030304040505050505050505050505050d05050d0d0508080405050505050505050505080808080808080808080804050505050505050505050d0d0d020202020202020404050505050505050505040404050505050505050504050505050505050505050505050505050d0d0d0d0404050505050505050505050505050504040505050504050505050505050505050d07070202020202020202040505050505050505
file://D:\Development\Sonar-Web\SonarVid\Fuck You - Lily Allen (Lyrics).mp3,9.792,21.440,11.006,23,3.0,0.2,5.72,22.41,-1.89,13.4,0.919,3.59,-22.41,-21.4,"",bandpeak_v1,32,0.02133,2.000,00000000000000000000000000000000000000000000000000000000000000000000000000000000001913020202020202020204050505030503030303030303030303030303030304040505050505050505050505050d05050d0d0508080405050505050505050505080808080808080808080804050505050505050505050d0d0d020202020202020404050505050505050505040404050505050505050504050505050505050505050505050505050d0d0d0d0404050505050505050505050505050504040505050504050505050505050505050d07070202020202020202040505050505050505
file://D:\Development\Sonar-Web\SonarVid\Fuck You - Lily Allen (Lyrics).mp3,62.016,70.016,9.564,23,3.0,0.2,5.50,18.77,0.98,13.1,0.830,-0.54,-18.77,-16.0,"",bandpeak_v1,32,0.02133,2.000,00000000000000000000000000000000000000000000000000000000000000000000000000000000001913020202020202020204050505030503030303030303030303030303030304040505050505050505050505050d05050d0d0508080405050505050505050505080808080808080808080804050505050505050505050d0d0d020202020202020404050505050505050505040404050505050505050504050505050505050505050505050505050d0d0d0d0404050505050505050505050505050504040505050504050505050505050505050d07070202020202020202040505050505050505
file://D:\Development\Sonar-Web\SonarVid\Fuck You - Lily Allen (Lyrics).mp3,81.600,84.608,8.492,23,3.0,0.2,5.37,17.58,-0.76,13.1,0.665,0.81,-17.58,-17.5,"",bandpeak_v1,32,0.02133,2.000,00000000000000000000000000000000000000000000000000000000000000000000000000000000001913020202020202020204050505030503030303030303030303030303030304040505050505050505050505050d05050d0d0508080405050505050505050505080808080808080808080804050505050505050505050d0d0d020202020202020404050505050505050505040404050505050505050504050505050505050505050505050505050d0d0d0d0404050505050505050505050505050504040505050504050505050505050505050d07070202020202020202040505050505050505
file://D:\Development\Sonar-Web\SonarVid\Fuck You - Lily Allen (Lyrics).mp3,96.384,99.392,10.132,23,3.0,0.2,5.69,20.49,-0.24,13.3,0.771,0.57,-20.49,-17.6,"",bandpeak_v1,32,0.02133,2.000,00000000000000000000000000000000000000000000000000000000000000000000000000000000001913020202020202020204050505030503030303030303030303030303030304040505050505050505050505050d05050d0d0508080405050505050505050505080808080808080808080804050505050505050505050d0d0d020202020202020404050505050505050505040404050505050505050504050505050505050505050505050505050d0d0d0d0404050505050505050505050505050504040505050504050505050505050505050d07070202020202020202040505050505050505
file://D:\Development\Sonar-Web\SonarVid\Fuck You - Lily Allen (Lyrics).mp3,131.712,134.720,11.690,23,3.0,0.2,5.48,25.49,0.51,13.0,0.592,-0.80,-25.49,-15.2,"",bandpeak_v1,32,0.02133,2.000,00000000000000000000000000000000000000000000000000000000000000000000000000000000001913020202020202020204050505030503030303030303030303030303030304040505050505050505050505050d05050d0d0508080405050505050505050505080808080808080808080804050505050505050505050d0d0d020202020202020404050505050505050505040404050505050505050504050505050505050505050505050505050d0d0d0d0404050505050505050505050505050504040505050504050505050505050505050d07070202020202020202040505050505050505
file://D:\Development\Sonar-Web\SonarVid\Fuck You - Lily Allen (Lyrics).mp3,146.304,160.832,12.520,23,3.0,0.2,5.40,28.85,-2.96,12.9,0.905,-0.66,-28.85,-20.3,"",bandpeak_v1,32,0.02133,2.000,00000000000000000000000000000000000000000000000000000000000000000000000000000000001913020202020202020204050505030503030303030303030303030303030304040505050505050505050505050d05050d0d0508080405050505050505050505080808080808080808080804050505050505050505050d0d0d020202020202020404050505050505050505040404050505050505050504050505050505050505050505050505050d0d0d0d0404050505050505050505050505050504040505050504050505050505050505050d07070202020202020202040505050505050505
file://D:\Development\Sonar-Web\SonarVid\Fuck You - Lily Allen (Lyrics).mp3,172.800,177.152,11.588,23,3.0,0.2,5.44,23.05,1.52,13.3,0.896,-0.88,-23.05,-15.6,"",bandpeak_v1,32,0.02133,2.000,00000000000000000000000000000000000000000000000000000000000000000000000000000000001913020202020202020204050505030503030303030303030303030303030304040505050505050505050505050d05050d0d0508080405050505050505050505080808080808080808080804050505050505050505050d0d0d020202020202020404050505050505050505040404050505050505050504050505050505050505050505050505050d0d0d0d0404050505050505050505050505050504040505050504050505050505050505050d07070202020202020202040505050505050505
file://D:\Development\Sonar-Web\SonarVid\Fuck You - Lily Allen (Lyrics).mp3,185.856,191.936,9.007,23,3.0,0.2,5.42,17.42,1.28,13.3,0.682,-0.60,-17.42,-15.9,"",bandpeak_v1,32,0.02133,2.000,00000000000000000000000000000000000000000000000000000000000000000000000000000000001913020202020202020204050505030503030303030303030303030303030304040505050505050505050505050d05050d0d0508080405050505050505050505080808080808080808080804050505050505050505050d0d0d020202020202020404050505050505050505040404050505050505050504050505050505050505050505050505050d0d0d0d0404050505050505050505050505050504040505050504050505050505050505050d07070202020202020202040505050505050505
file://D:\Development\Sonar-Web\SonarVid\Fuck You - Lily Allen (Lyrics).mp3,214.464,217.472,218.235,23,3.0,0.2,-1.86,530.29,-5.53,12.5,0.000,98.01,-530.27,-120.0,"",bandpeak_v1,32,0.02133,2.000,00000000000000000000000000000000000000000000000000000000000000000000000000000000001913020202020202020204050505030503030303030303030303030303030304040505050505050505050505050d05050d0d0508080405050505050505050505080808080808080808080804050505050505050505050d0d0d020202020202020404050505050505050505040404050505050505050504050505050505050505050505050505050d0d0d0d0404050505050505050505050505050504040505050504050505050505050505050d07070202020202020202040505050505050505
file://D:\Development\Sonar-Web\SonarVid\Pompeii lyrics- Bastille.mp3,18.240,21.248,15.953,23,3.0,0.2,6.73,35.63,-0.67,12.6,0.600,-1.69,-35.63,-20.1,"",bandpeak_v1,32,0.02133,2.000,0309030303090909090903030c030c0d0b09090c09120309030908030309030309030903030303030303030303030303030903030303030303030303030206020302020203030302020303030303020001020703080303030303030303030303050205020202020505030202000202000002020909030308080803030308080d030303080803030303020303030303030303030300030203000203030202050202000000000003030101080303090909030308030203080302050502020502020202010101010002000000080803030308080908110808030303090303030303000903030303030303
file://D:\Development\Sonar-Web\SonarVid\Pompeii lyrics- Bastille.mp3,25.728,28.736,10.911,23,3.0,0.2,7.12,24.31,-0.84,12.7,0.251,-0.17,-24.31,-21.2,"",bandpeak_v1,32,0.02133,2.000,0309030303090909090903030c030c0d0b09090c09120309030908030309030309030903030303030303030303030303030903030303030303030303030206020302020203030302020303030303020001020703080303030303030303030303050205020202020505030202000202000002020909030308080803030308080d030303080803030303020303030303030303030300030203000203030202050202000000000003030101080303090909030308030203080302050502020502020202010101010002000000080803030308080908110808030303090303030303000903030303030303
file://D:\Development\Sonar-Web\SonarVid\Pompeii lyrics- Bastille.mp3,34.176,37.184,11.677,23,3.0,0.2,5.81,25.58,-0.26,12.7,0.385,-0.06,-25.58,-18.3,"",bandpeak_v1,32,0.02133,2.000,0309030303090909090903030c030c0d0b09090c09120309030908030309030309030903030303030303030303030303030903030303030303030303030206020302020203030302020303030303020001020703080303030303030303030303050205020202020505030202000202000002020909030308080803030308080d030303080803030303020303030303030303030300030203000203030202050202000000000003030101080303090909030308030203080302050502020502020202010101010002000000080803030308080908110808030303090303030303000903030303030303
file://D:\Development\Sonar-Web\SonarVid\Pompeii lyrics- Bastille.mp3,49.536,52.544,10.114,23,3.0,0.2,6.35,22.09,0.97,12.4,0.229,-0.21,-22.09,-15.5,"",bandpeak_v1,32,0.02133,2.000,0309030303090909090903030c030c0d0b09090c09120309030908030309030309030903030303030303030303030303030903030303030303030303030206020302020203030302020303030303020001020703080303030303030303030303050205020202020505030202000202000002020909030308080803030308080d030303080803030303020303030303030303030300030203000203030202050202000000000003030101080303090909030308030203080302050502020502020202010101010002000000080803030308080908110808030303090303030303000903030303030303
file://D:\Development\Sonar-Web\SonarVid\Pompeii lyrics- Bastille.mp3,58.368,61.376,9.266,23,3.0,0.2,5.79,19.96,0.61,12.5,0.274,-0.06,-19.96,-15.5,"",bandpeak_v1,32,0.02133,2.000,0309030303090909090903030c030c0d0b09090c09120309030908030309030309030903030303030303030303030303030903030303030303030303030206020302020203030302020303030303020001020703080303030303030303030303050205020202020505030202000202000002020909030308080803030308080d030303080803030303020303030303030303030300030203000203030202050202000000000003030101080303090909030308030203080302050502020502020202010101010002000000080803030308080908110808030303090303030303000903030303030303
file://D:\Development\Sonar-Web\SonarVid\Pompeii lyrics- Bastille.mp3,71.424,77.120,11.900,23,3.0,0.2,7.14,26.49,-0.37,12.5,0.243,0.78,-26.49,-20.1,"",bandpeak_v1,32,0.02133,2.000,0309030303090909090903030c030c0d0b09090c09120309030908030309030309030903030303030303030303030303030903030303030303030303030206020302020203030302020303030303020001020703080303030303030303030303050205020202020505030202000202000002020909030308080803030308080d030303080803030303020303030303030303030300030203000203030202050202000000000003030101080303090909030308030203080302050502020502020202010101010002000000080803030308080908110808030303090303030303000903030303030303
file://D:\Development\Sonar-Web\SonarVid\Pompeii lyrics- Bastille.mp3,80.832,83.840,8.078,23,3.0,0.2,6.20,16.76,-0.35,12.8,0.247,1.30,-16.76,-20.7,"",bandpeak_v1,32,0.02133,2.000,0309030303090909090903030c030c0d0b09090c09120309030908030309030309030903030303030303030303030303030903030303030303030303030206020302020203030302020303030303020001020703080303030303030303030303050205020202020505030202000202000002020909030308080803030308080d030303080803030303020303030303030303030300030203000203030202050202000000000003030101080303090909030308030203080302050502020502020202010101010002000000080803030308080908110808030303090303030303000903030303030303
file://D:\Development\Sonar-Web\SonarVid\Pompeii lyrics- Bastille.mp3,89.088,92.096,24.360,23,3.0,0.2,7.55,55.22,-0.28,12.8,0.616,0.06,-55.22,-18.6,"",bandpeak_v1,32,0.02133,2.000,0309030303090909090903030c030c0d0b09090c09120309030908030309030309030903030303030303030303030303030903030303030303030303030206020302020203030302020303030303020001020703080303030303030303030303050205020202020505030202000202000002020909030308080803030308080d030303080803030303020303030303030303030300030203000203030202050202000000000003030101080303090909030308030203080302050502020502020202010101010002000000080803030308080908110808030303090303030303000903030303030303
file://D:\Development\Sonar-Web\SonarVid\Pompeii lyrics- Bastille.mp3,101.760,104.768,26.004,23,3.0,0.2,7.35,57.79,-0.45,13.0,0.701,3.91,-57.79,-22.7,"",bandpeak_v1,32,0.02133,2.000,0309030303090909090903030c030c0d0b09090c09120309030908030309030309030903030303030303030303030303030903030303030303030303030206020302020203030302020303030303020001020703080303030303030303030303050205020202020505030202000202000002020909030308080803030308080d030303080803030303020303030303030303030300030203000203030202050202000000000003030101080303090909030308030203080302050502020502020202010101010002000000080803030308080908110808030303090303030303000903030303030303
file://D:\Development\Sonar-Web\SonarVid\Pompeii lyrics- Bastille.mp3,110.016,113.024,11.147,23,3.0,0.2,6.78,23.42,0.98,13.0,0.246,0.05,-23.42,-16.3,"",bandpeak_v1,32,0.02133,2.000,0309030303090909090903030c030c0d0b09090c09120309030908030309030309030903030303030303030303030303030903030303030303030303030206020302020203030302020303030303020001020703080303030303030303030303050205020202020505030202000202000002020909030308080803030308080d030303080803030303020303030303030303030300030203000203030202050202000000000003030101080303090909030308030203080302050502020502020202010101010002000000080803030308080908110808030303090303030303000903030303030303
file://D:\Development\Sonar-Web\SonarVid\Pompeii lyrics- Bastille.mp3,123.264,128.576,10.283,23,3.0,0.2,4.89,21.82,0.67,12.8,0.384,-0.54,-21.82,-16.5,"",bandpeak_v1,32,0.02133,2.000,0309030303090909090903030c030c0d0b09090c09120309030908030309030309030903030303030303030303030303030903030303030303030303030206020302020203030302020303030303020001020703080303030303030303030303050205020202020505030202000202000002020909030308080803030308080d030303080803030303020303030303030303030300030203000203030202050202000000000003030101080303090909030308030203080302050502020502020202010101010002000000080803030308080908110808030303090303030303000903030303030303
file://D:\Development\Sonar-Web\SonarVid\Pompeii lyrics- Bastille.mp3,138.624,141.632,15.805,23,3.0,0.2,6.53,35.02,-1.37,12.9,0.552,0.32,-35.02,-27.9,"",bandpeak_v1,32,0.02133,2.000,0309030303090909090903030c030c0d0b09090c09120309030908030309030309030903030303030303030303030303030903030303030303030303030206020302020203030302020303030303020001020703080303030303030303030303050205020202020505030202000202000002020909030308080803030308080d030303080803030303020303030303030303030300030203000203030202050202000000000003030101080303090909030308030203080302050502020502020202010101010002000000080803030308080908110808030303090303030303000903030303030303
file://D:\Development\Sonar-Web\SonarVid\Pompeii lyrics- Bastille.mp3,145.920,153.920,22.544,23,3.0,0.2,7.32,49.69,0.21,13.2,0.627,0.42,-49.69,-19.5,"",bandpeak_v1,32,0.02133,2.000,0309030303090909090903030c030c0d0b09090c09120309030908030309030309030903030303030303030303030303030903030303030303030303030206020302020203030302020303030303020001020703080303030303030303030303050205020202020505030202000202000002020909030308080803030308080d030303080803030303020303030303030303030300030203000203030202050202000000000003030101080303090909030308030203080302050502020502020202010101010002000000080803030308080908110808030303090303030303000903030303030303
file://D:\Development\Sonar-Web\SonarVid\Pompeii lyrics- Bastille.mp3,164.544,167.552,23.349,23,3.0,0.2,7.70,49.06,0.35,13.4,0.901,2.77,-49.06,-21.6,"",bandpeak_v1,32,0.02133,2.000,0309030303090909090903030c030c0d0b09090c09120309030908030309030309030903030303030303030303030303030903030303030303030303030206020302020203030302020303030303020001020703080303030303030303030303050205020202020505030202000202000002020909030308080803030308080d030303080803030303020303030303030303030300030203000203030202050202000000000003030101080303090909030308030203080302050502020502020202010101010002000000080803030308080908110808030303090303030303000903030303030303
file://D:\Development\Sonar-Web\SonarVid\Pompeii lyrics- Bastille.mp3,211.776,214.784,400.246,23,3.0,0.2,-1.69,981.39,-1.95,12.4,0.000,102.66,-981.43,-120.0,"",bandpeak_v1,32,0.02133,2.000,0309030303090909090903030c030c0d0b09090c09120309030908030309030309030903030303030303030303030303030903030303030303030303030206020302020203030302020303030303020001020703080303030303030303030303050205020202020505030202000202000002020909030308080803030308080d030303080803030303020303030303030303030300030203000203030202050202000000000003030101080303090909030308030203080302050502020502020202010101010002000000080803030308080908110808030303090303030303000903030303030303
file://D:\Development\Sonar-Web\SonarVid\'I'm Eating Your Pie' - Above All That Is Random 2 - Christina Grimmie & Sarah.mp3,8.832,16.832,16.357,23,3.0,0.2,6.39,36.61,-0.95,13.3,0.430,0.61,-36.61,-28.1,"",bandpeak_v1,32,0.02133,1.620,050505050505050505050505050505050504040505050505050505060606060606060c0c0605060505050506050505050506070707030303030304040303030404030505050505040505050505040505050505050505050505050305050505050506060606060605050505050505050505050505070707070404050505050505050505070606070606050505060204040405050505050505040604050404050505020205060505050505050505050505050505050505050505050505050505050505050908050508060606060604060505050605050505050004000403030303020202000000000000
file://D:\Development\Sonar-Web\SonarVid\'I'm Eating Your Pie' - Above All That Is Random 2 - Christina Grimmie & Sarah.mp3,24.384,30.080,11.555,23,3.0,0.2,6.32,24.01,0.43,12.9,0.475,-0.07,-24.01,-21.1,"",bandpeak_v1,32,0.02133,1.620,050505050505050505050505050505050504040505050505050505060606060606060c0c0605060505050506050505050506070707030303030304040303030404030505050505040505050505040505050505050505050505050305050505050506060606060605050505050505050505050505070707070404050505050505050505070606070606050505060204040405050505050505040604050404050505020205060505050505050505050505050505050505050505050505050505050505050908050508060606060604060505050605050505050004000403030303020202000000000000
file://D:\Development\Sonar-Web\SonarVid\'I'm Eating Your Pie' - Above All That Is Random 2 - Christina Grimmie & Sarah.mp3,34.560,43.520,18.253,23,3.0,0.2,6.34,40.13,0.33,12.8,0.637,-0.51,-40.13,-20.0,"",bandpeak_v1,32,0.02133,1.620,050505050505050505050505050505050504040505050505050505060606060606060c0c0605060505050506050505050506070707030303030304040303030404030505050505040505050505040505050505050505050505050305050505050506060606060605050505050505050505050505070707070404050505050505050505070606070606050505060204040405050505050505040604050404050505020205060505050505050505050505050505050505050505050505050505050505050908050508060606060604060505050605050505050004000403030303020202000000000000
file://D:\Development\Sonar-Web\SonarVid\'I'm Eating Your Pie' - Above All That Is Random 2 - Christina Grimmie & Sarah.mp3,63.168,66.176,16.977,23,3.0,0.2,6.04,35.43,0.06,12.7,0.956,0.31,-35.43,-21.2,"",bandpeak_v1,32,0.02133,1.620,050505050505050505050505050505050504040505050505050505060606060606060c0c0605060505050506050505050506070707030303030304040303030404030505050505040505050505040505050505050505050505050305050505050506060606060605050505050505050505050505070707070404050505050505050505070606070606050505060204040405050505050505040604050404050505020205060505050505050505050505050505050505050505050505050505050505050908050508060606060604060505050605050505050004000403030303020202000000000000
file://D:\Development\Sonar-Web\SonarVid\'I'm Eating Your Pie' - Above All That Is Random 2 - Christina Grimmie & Sarah.mp3,70.848,76.928,25.344,23,3.0,0.2,6.68,56.87,-1.31,14.3,0.781,-0.52,-56.88,-27.6,"",bandpeak_v1,32,0.02133,1.620,050505050505050505050505050505050504040505050505050505060606060606060c0c0605060505050506050505050506070707030303030304040303030404030505050505040505050505040505050505050505050505050305050505050506060606060605050505050505050505050505070707070404050505050505050505070606070606050505060204040405050505050505040604050404050505020205060505050505050505050505050505050505050505050505050505050505050908050508060606060604060505050605050505050004000403030303020202000000000000
file://D:\Development\Sonar-Web\SonarVid\'I'm Eating Your Pie' - Above All That Is Random 2 - Christina Grimmie & Sarah.mp3,82.176,88.256,18.404,23,3.0,0.2,6.56,38.20,1.54,13.3,0.806,0.25,-38.20,-21.3,"",bandpeak_v1,32,0.02133,1.620,050505050505050505050505050505050504040505050505050505060606060606060c0c0605060505050506050505050506070707030303030304040303030404030505050505040505050505040505050505050505050505050305050505050506060606060605050505050505050505050505070707070404050505050505050505070606070606050505060204040405050505050505040604050404050505020205060505050505050505050505050505050505050505050505050505050505050908050508060606060604060505050605050505050004000403030303020202000000000000
file://D:\Development\Sonar-Web\SonarVid\'I'm Eating Your Pie' - Above All That Is Random 2 - Christina Grimmie & Sarah.mp3,96.000,112.832,22.302,23,3.0,0.2,6.76,51.22,0.03,12.0,0.608,-1.33,-51.22,-18.8,"",bandpeak_v1,32,0.02133,1.620,050505050505050505050505050505050504040505050505050505060606060606060c0c0605060505050506050505050506070707030303030304040303030404030505050505040505050505040505050505050505050505050305050505050506060606060605050505050505050505050505070707070404050505050505050505070606070606050505060204040405050505050505040604050404050505020205060505050505050505050505050505050505050505050505050505050505050908050508060606060604060505050605050505050004000403030303020202000000000000
file://D:\Development\Sonar-Web\SonarVid\'I'm Eating Your Pie' - Above All That Is Random 2 - Christina Grimmie & Sarah.mp3,122.688,127.808,21.497,23,3.0,0.2,6.08,47.75,-1.86,13.6,0.781,1.88,-47.76,-31.7,"",bandpeak_v1,32,0.02133,1.620,050505050505050505050505050505050504040505050505050505060606060606060c0c0605060505050506050505050506070707030303030304040303030404030505050505040505050505040505050505050505050505050305050505050506060606060605050505050505050505050505070707070404050505050505050505070606070606050505060204040405050505050505040604050404050505020205060505050505050505050505050505050505050505050505050505050505050908050508060606060604060505050605050505050004000403030303020202000000000000
file://D:\Development\Sonar-Web\SonarVid\'I'm Eating Your Pie' - Above All That Is Random 2 - Christina Grimmie & Sarah.mp3,142.656,145.664,16.694,23,3.0,0.2,6.41,34.89,-0.37,14.1,0.734,0.33,-34.89,-25.2,"",bandpeak_v1,32,0.02133,1.620,050505050505050505050505050505050504040505050505050505060606060606060c0c0605060505050506050505050506070707030303030304040303030404030505050505040505050505040505050505050505050505050305050505050506060606060605050505050505050505050505070707070404050505050505050505070606070606050505060204040405050505050505040604050404050505020205060505050505050505050505050505050505050505050505050505050505050908050508060606060604060505050605050505050004000403030303020202000000000000
file://D:\Development\Sonar-Web\SonarVid\'I'm Eating Your Pie' - Above All That Is Random 2 - Christina Grimmie & Sarah.mp3,157.824,160.832,26.300,23,3.0,0.2,6.62,58.36,0.38,13.8,0.797,0.14,-58.36,-23.1,"",bandpeak_v1,32,0.02133,1.620,050505050505050505050505050505050504040505050505050505060606060606060c0c0605060505050506050505050506070707030303030304040303030404030505050505040505050505040505050505050505050505050305050505050506060606060605050505050505050505050505070707070404050505050505050505070606070606050505060204040405050505050505040604050404050505020205060505050505050505050505050505050505050505050505050505050505050908050508060606060604060505050605050505050004000403030303020202000000000000
file://D:\Development\Sonar-Web\SonarVid\'I'm Eating Your Pie' - Above All That Is Random 2 - Christina Grimmie & Sarah.mp3,196.416,199.424,10.678,23,3.0,0.2,5.55,22.30,0.44,13.2,0.405,-0.46,-22.30,-20.0,"",bandpeak_v1,32,0.02133,1.620,050505050505050505050505050505050504040505050505050505060606060606060c0c0605060505050506050505050506070707030303030304040303030404030505050505040505050505040505050505050505050505050305050505050506060606060605050505050505050505050505070707070404050505050505050505070606070606050505060204040405050505050505040604050404050505020205060505050505050505050505050505050505050505050505050505050505050908050508060606060604060505050605050505050004000403030303020202000000000000
file://D:\Development\Sonar-Web\SonarVid\Fuck You - Lily Allen (Lyrics)_3pings.flac,0.768,3.776,13439.062,23,3.0,0.2,-1.72,33583.34,-5.51,12.3,0.000,106.33,-33578.08,-120.0,"",bandpeak_v1,32,0.02133,2.000,0000001f1f001f1f0000000000000000001f1f001f1f0000000000000000001f1f001f1f00000000000000020202020202020204050505030503030303030303030303030303030304040505050505050505050505050d05050d0d0508080405050505050505050505080808080808080808080804050505050505050505050d0d0d020202020202020404050505050505050505040404050505050505050504050505050505050505050505050505050d0d0d0d0404050505050505050505050505050504040505050504050505050505050505050d07070202020202020202040505050505050505
file://D:\Development\Sonar-Web\SonarVid\Fuck You - Lily Allen (Lyrics)_3pings.flac,8.448,22.784,888.805,23,3.0,0.2,7.47,2216.89,0.67,13.4,0.402,3.33,-2216.55,-28.3,"",bandpeak_v1,32,0.02133,2.000,0000001f1f001f1f0000000000000000001f1f001f1f0000000000000000001f1f001f1f00000000000000020202020202020204050505030503030303030303030303030303030304040505050505050505050505050d05050d0d0508080405050505050505050505080808080808080808080804050505050505050505050d0d0d020202020202020404050505050505050505040404050505050505050504050505050505050505050505050505050d0d0d0d0404050505050505050505050505050504040505050504050505050505050505050d07070202020202020202040505050505050505
file://D:\Development\Sonar-Web\SonarVid\Fuck You - Lily Allen (Lyrics)_3pings.flac,28.800,31.808,117.168,23,3.0,0.2,3.64,290.64,-0.89,12.6,0.795,1.56,-290.60,-24.6,"",bandpeak_v1,32,0.02133,2.000,0000001f1f001f1f0000000000000000001f1f001f1f0000000000000000001f1f001f1f00000000000000020202020202020204050505030503030303030303030303030303030304040505050505050505050505050d05050d0d0508080405050505050505050505080808080808080808080804050505050505050505050d0d0d020202020202020404050505050505050505040404050505050505050504050505050505050505050505050505050d0d0d0d0404050505050505050505050505050504040505050504050505050505050505050d07070202020202020202040505050505050505
file://D:\Development\Sonar-Web\SonarVid\Fuck You - Lily Allen (Lyrics)_3pings.flac,41.088,48.896,133.599,23,3.0,0.2,2.71,332.11,1.03,13.2,0.178,0.03,-332.06,-22.7,"",bandpeak_v1,32,0.02133,2.000,0000001f1f001f1f0000000000000000001f1f001f1f0000000000000000001f1f001f1f00000000000000020202020202020204050505030503030303030303030303030303030304040505050505050505050505050d05050d0d0508080405050505050505050505080808080808080808080804050505050505050505050d0d0d020202020202020404050505050505050505040404050505050505050504050505050505050505050505050505050d0d0d0d0404050505050505050505050505050504040505050504050505050505050505050d07070202020202020202040505050505050505
file://D:\Development\Sonar-Web\SonarVid\Fuck You - Lily Allen (Lyrics)_3pings.flac,91.776,94.784,145.371,23,3.0,0.2,3.80,362.04,0.08,12.8,0.262,0.57,-361.98,-23.1,"",bandpeak_v1,32,0.02133,2.000,0000001f1f001f1f0000000000000000001f1f001f1f0000000000000000001f1f001f1f00000000000000020202020202020204050505030503030303030303030303030303030304040505050505050505050505050d05050d0d0508080405050505050505050505080808080808080808080804050505050505050505050d0d0d020202020202020404050505050505050505040404050505050505050504050505050505050505050505050505050d0d0d0d0404050505050505050505050505050504040505050504050505050505050505050d07070202020202020202040505050505050505
file://D:\Development\Sonar-Web\SonarVid\Fuck You - Lily Allen (Lyrics)_3pings.flac,116.736,119.744,123.832,23,3.0,0.2,1.84,308.28,0.30,13.3,0.227,-0.72,-308.23,-21.6,"",bandpeak_v1,32,0.02133,2.000,0000001f1f001f1f0000000000000000001f1f001f1f0000000000000000001f1f001f1f00000000000000020202020202020204050505030503030303030303030303030303030304040505050505050505050505050d05050d0d0508080405050505050505050505080808080808080808080804050505050505050505050d0d0d020202020202020404050505050505050505040404050505050505050504050505050505050505050505050505050d0d0d0d0404050505050505050505050505050504040505050504050505050505050505050d07070202020202020202040505050505050505
file://D:\Development\Sonar-Web\SonarVid\Fuck You - Lily Allen (Lyrics)_3pings.flac,126.336,130.496,157.569,23,3.0,0.2,3.66,390.29,0.55,13.3,0.697,-0.56,-390.23,-22.1,"",bandpeak_v1,32,0.02133,2.000,0000001f1f001f1f0000000000000000001f1f001f1f0000000000000000001f1f001f1f00000000000000020202020202020204050505030503030303030303030303030303030304040505050505050505050505050d05050d0d0508080405050505050505050505080808080808080808080804050505050505050505050d0d0d020202020202020404050505050505050505040404050505050505050504050505050505050505050505050505050d0d0d0d0404050505050505050505050505050504040505050504050505050505050505050d07070202020202020202040505050505050505
file://D:\Development\Sonar-Web\SonarVid\Fuck You - Lily Allen (Lyrics)_3pings.flac,152.448,160.832,125.930,23,3.0,0.2,4.88,311.29,-1.04,12.9,0.978,0.86,-311.25,-23.1,"",bandpeak_v1,32,0.02133,2.000,0000001f1f001f1f0000000000000000001f1f001f1f0000000000000000001f1f001f1f00000000000000020202020202020204050505030503030303030303030303030303030304040505050505050505050505050d05050d0d0508080405050505050505050505080808080808080808080804050505050505050505050d0d0d020202020202020404050505050505050505040404050505050505050504050505050505050505050505050505050d0d0d0d0404050505050505050505050505050504040505050504050505050505050505050d07070202020202020202040505050505050505
file://D:\Development\Sonar-Web\SonarVid\Fuck You - Lily Allen (Lyrics)_3pings.flac,192.576,195.584,195.875,23,3.0,0.2,3.95,486.51,0.40,13.1,0.629,-0.30,-486.43,-22.5,"",bandpeak_v1,32,0.02133,2.000,0000001f1f001f1f0000000000000000001f1f001f1f0000000000000000001f1f001f1f00000000000000020202020202020204050505030503030303030303030303030303030304040505050505050505050505050d05050d0d0508080405050505050505050505080808080808080808080804050505050505050505050d0d0d020202020202020404050505050505050505040404050505050505050504050505050505050505050505050505050d0d0d0d0404050505050505050505050505050504040505050504050505050505050505050d07070202020202020202040505050505050505
file://D:\Development\Sonar-Web\SonarVid\Fuck You - Lily Allen (Lyrics)_3pings.flac,204.288,218.048,13437.394,23,3.0,0.2,-1.72,33583.34,-5.73,12.0,0.000,92.21,-33578.08,-120.0,"",bandpeak_v1,32,0.02133,2.000,0000001f1f001f1f0000000000000000001f1f001f1f0000000000000000001f1f001f1f00000000000000020202020202020204050505030503030303030303030303030303030304040505050505050505050505050d05050d0d0508080405050505050505050505080808080808080808080804050505050505050505050d0d0d020202020202020404050505050505050505040404050505050505050504050505050505050505050505050505050d0d0d0d0404050505050505050505050505050504040505050504050505050505050505050d07070202020202020202040505050505050505
file://D:\Development\Sonar-Web\SonarVid\Pompeii lyrics- Bastille_3pings.flac,34.176,37.184,296.683,23,3.0,0.2,6.09,738.45,-0.22,12.7,0.439,-0.02,-737.61,-24.3,"",bandpeak_v1,32,0.02133,2.000,0309030303090909090903030c030c0d0b09090c09120309030908030309030309030903030303030303030303030303030903030303030303030303030206020302020203030302020303030303020001020703080303030303030303030303050205020202020505030202000202000002020909030308080803030808080d030303080803030303020303030303030303030300030203000203030202050202000000000003030101080303090909030308030203080302050502020502020202010101010002000000080803030308080908110808030303090303030303000903030303030303
file://D:\Development\Sonar-Web\SonarVid\Pompeii lyrics- Bastille_3pings.flac,47.424,52.544,248.790,23,3.0,0.2,6.44,618.91,1.07,12.4,0.294,-0.18,-618.21,-21.5,"",bandpeak_v1,32,0.02133,2.000,0309030303090909090903030c030c0d0b09090c09120309030908030309030309030903030303030303030303030303030903030303030303030303030206020302020203030302020303030303020001020703080303030303030303030303050205020202020505030202000202000002020909030308080803030808080d030303080803030303020303030303030303030300030203000203030202050202000000000003030101080303090909030308030203080302050502020502020202010101010002000000080803030308080908110808030303090303030303000903030303030303
file://D:\Development\Sonar-Web\SonarVid\Pompeii lyrics- Bastille_3pings.flac,63.936,74.432,247.898,23,3.0,0.2,7.50,616.22,-0.30,12.7,0.333,0.79,-615.52,-26.0,"",bandpeak_v1,32,0.02133,2.000,0309030303090909090903030c030c0d0b09090c09120309030908030309030309030903030303030303030303030303030903030303030303030303030206020302020203030302020303030303020001020703080303030303030303030303050205020202020505030202000202000002020909030308080803030808080d030303080803030303020303030303030303030300030203000203030202050202000000000003030101080303090909030308030203080302050502020502020202010101010002000000080803030308080908110808030303090303030303000903030303030303
file://D:\Development\Sonar-Web\SonarVid\Pompeii lyrics- Bastille_3pings.flac,82.176,95.744,740.692,23,3.0,0.2,7.72,1846.94,-0.27,12.9,0.693,0.08,-1844.84,-24.7,"",bandpeak_v1,32,0.02133,2.000,0309030303090909090903030c030c0d0b09090c09120309030908030309030309030903030303030303030303030303030903030303030303030303030206020302020203030302020303030303020001020703080303030303030303030303050205020202020505030202000202000002020909030308080803030808080d030303080803030303020303030303030303030300030203000203030202050202000000000003030101080303090909030308030203080302050502020502020202010101010002000000080803030308080908110808030303090303030303000903030303030303
file://D:\Development\Sonar-Web\SonarVid\Pompeii lyrics- Bastille_3pings.flac,116.736,119.744,126.800,23,3.0,0.2,1.80,315.86,0.71,12.8,0.127,-0.08,-315.51,-22.5,"",bandpeak_v1,32,0.02133,2.000,0309030303090909090903030c030c0d0b09090c09120309030908030309030309030903030303030303030303030303030903030303030303030303030206020302020203030302020303030303020001020703080303030303030303030303050205020202020505030202000202000002020909030308080803030808080d030303080803030303020303030303030303030300030203000203030202050202000000000003030101080303090909030308030203080302050502020502020202010101010002000000080803030308080908110808030303090303030303000903030303030303
file://D:\Development\Sonar-Web\SonarVid\Pompeii lyrics- Bastille_3pings.flac,125.376,128.384,151.543,23,3.0,0.2,3.18,377.35,0.60,13.0,0.107,-0.74,-376.93,-22.5,"",bandpeak_v1,32,0.02133,2.000,0309030303090909090903030c030c0d0b09090c09120309030908030309030309030903030303030303030303030303030903030303030303030303030206020302020203030302020303030303020001020703080303030303030303030303050205020202020505030202000202000002020909030308080803030808080d030303080803030303020303030303030303030300030203000203030202050202000000000003030101080303090909030308030203080302050502020502020202010101010002000000080803030308080908110808030303090303030303000903030303030303
file://D:\Development\Sonar-Web\SonarVid\Pompeii lyrics- Bastille_3pings.flac,138.624,141.632,490.937,23,3.0,0.2,7.85,1222.94,-1.38,13.0,0.632,0.34,-1221.55,-33.9,"",bandpeak_v1,32,0.02133,2.000,0309030303090909090903030c030c0d0b09090c09120309030908030309030309030903030303030303030303030303030903030303030303030303030206020302020203030302020303030303020001020703080303030303030303030303050205020202020505030202000202000002020909030308080803030808080d030303080803030303020303030303030303030300030203000203030202050202000000000003030101080303090909030308030203080302050502020502020202010101010002000000080803030308080908110808030303090303030303000903030303030303
file://D:\Development\Sonar-Web\SonarVid\Pompeii lyrics- Bastille_3pings.flac,155.136,158.144,129.223,23,3.0,0.2,0.24,322.81,-0.14,13.2,0.056,-0.05,-322.44,-25.3,"",bandpeak_v1,32,0.02133,2.000,0309030303090909090903030c030c0d0b09090c09120309030908030309030309030903030303030303030303030303030903030303030303030303030206020302020203030302020303030303020001020703080303030303030303030303050205020202020505030202000202000002020909030308080803030808080d030303080803030303020303030303030303030300030203000203030202050202000000000003030101080303090909030308030203080302050502020502020202010101010002000000080803030308080908110808030303090303030303000903030303030303
file://D:\Development\Sonar-Web\SonarVid\Pompeii lyrics- Bastille_3pings.flac,163.776,172.544,297.186,23,3.0,0.2,7.16,739.13,-0.51,13.3,0.139,3.63,-738.29,-28.3,"",bandpeak_v1,32,0.02133,2.000,0309030303090909090903030c030c0d0b09090c09120309030908030309030309030903030303030303030303030303030903030303030303030303030206020302020203030302020303030303020001020703080303030303030303030303050205020202020505030202000202000002020909030308080803030808080d030303080803030303020303030303030303030300030203000203030202050202000000000003030101080303090909030308030203080302050502020502020202010101010002000000080803030308080908110808030303090303030303000903030303030303
file://D:\Development\Sonar-Web\SonarVid\Pompeii lyrics- Bastille_3pings.flac,182.976,195.584,128.370,23,3.0,0.2,3.18,318.72,1.11,13.0,0.136,-0.28,-318.36,-22.4,"",bandpeak_v1,32,0.02133,2.000,0309030303090909090903030c030c0d0b09090c09120309030908030309030309030903030303030303030303030303030903030303030303030303030206020302020203030302020303030303020001020703080303030303030303030303050205020202020505030202000202000002020909030308080803030808080d030303080803030303020303030303030303030300030203000203030202050202000000000003030101080303090909030308030203080302050502020502020202010101010002000000080803030308080908110808030303090303030303000903030303030303
file://D:\Development\Sonar-Web\SonarVid\Pompeii lyrics- Bastille_3pings.flac,211.968,214.976,23346.316,23,3.0,0.2,-1.73,58395.71,-1.89,13.1,0.000,34.99,-58329.39,-93.2,"",bandpeak_v1,32,0.02133,2.000,0309030303090909090903030c030c0d0b09090c09120309030908030309030309030903030303030303030303030303030903030303030303030303030206020302020203030302020303030303020001020703080303030303030303030303050205020202020505030202000202000002020909030308080803030808080d030303080803030303020303030303030303030300030203000203030202050202000000000003030101080303090909030308030203080302050502020502020202010101010002000000080803030308080908110808030303090303030303000903030303030303
